gene,disease_id,disease,locus_id,motif,motif_len_bp,ref_repeats,region_catalog,region_class,region_strchive,inheritance,evidence,benign_max,intermediate_min,intermediate_max,pathogenic_min,pathogenic_max,total_allele_n,pooled_pop_sd,cohort_used,fold_change,delta_units,z_ref_to_path,is_sentinel,pop_group,dist_group,quadrant
DAB1,SCA37_DAB1,Spinocerebellar ataxia type 37,1-57367043-57367118-AAAAT,AAAAT,5,15,intron,noncoding,Intron 1 (most isoforms),['AD'],Strong,30.0,,,31,75,9526,17.120854526478798,HPRC256+Illumina174k+T2T+TenK10K,2.066666666666667,16,0.9345327930480745,False,spread,close,spread_close
DMPK,DM1_DMPK,Myotonic dystrophy type 1,19-45770204-45770264-CAG,CAG,3,20,3' UTR,noncoding,3' UTR,['AD'],Definitive,34.0,35.0,49.0,50,4000,4518,5.595419099913567,HPRC256+T2T+TenK10K,2.5,30,5.361528683430239,False,spread,close,spread_close
TCF4,FECD3_TCF4,Fuchs endothelial corneal dystrophy 3,18-55586155-55586227-CAG,CAG,3,24,5' UTR,noncoding,Intron 1,['AD'],Definitive,39.0,40.0,50.0,51,2600,4518,24.28332363082142,HPRC256+T2T+TenK10K,2.125,27,1.111874157363305,False,spread,close,spread_close
ATXN10,SCA10_ATXN10,Spinocerebellar ataxia type 10,22-45795354-45795424-ATTCT,ATTCT,5,14,intron,noncoding,Intron 9,['AD'],Definitive,32.0,33.0,850.0,800,4500,4518,30.589241122431382,HPRC256+T2T+TenK10K,57.142857142857146,786,25.69530891119815,False,spread,far,spread_far
ATXN8OS,SCA8_ATXN8OS,Spinocerebellar ataxia type 8,13-70139383-70139428-CTG,CTG,3,15,exon,ambiguous,"Coding Exon 1, or 3' UTR depending on transcript",['AD'],Definitive,50.0,50.0,70.0,71,1300,4518,21.825635434159683,HPRC256+T2T+TenK10K,4.733333333333333,56,2.565790131010501,False,spread,far,spread_far
DIP2B,FRA12A_DIP2B,"Intellectual developmental disorder, FRA12A type",12-50505001-50505022-GGC,GGC,3,7,5' UTR,noncoding,5' UTR,['AD'],Disputed,23.0,139.0,206.0,273,306,4518,6.863759293060128,HPRC256+T2T+TenK10K,39.0,266,38.75427278881264,False,spread,far,spread_far
ENSG00000260851,SCA31_BEAN1,Spinocerebellar ataxia type 31,16-66490398-66490453-TAAAA,TAAAA,5,11,intron,noncoding,Intron 4/4,['AD'],Definitive,,,,110,760,4518,24.56166242083999,HPRC256+T2T+TenK10K,10.0,99,4.030671796710341,False,spread,far,spread_far
FGF14,SCA27B_FGF14,Spinocerebellar ataxia 27B,13-102161574-102161724-AAG,AAG,3,50,intron,noncoding,Intron 1,['AD'],Definitive,179.0,180.0,319.0,320,937,4518,28.077010504603592,HPRC256+T2T+TenK10K,6.4,270,9.616408411989944,False,spread,far,spread_far
FMR1,FXS_FMR1,"Fragile X syndrome (FXS), fragile X-associated tremor/ataxia syndrome (FXTAS), and fragile X-associated primary ovarian insufficiency FXPOI/POF1",X-147912050-147912110-CGG,CGG,3,20,5' UTR,noncoding,5' UTR,['XD'],Definitive,44.0,45.0,200.0,201,2000,4084,5.443697239702196,HPRC256+TenK10K,10.05,181,33.24946117133836,False,spread,far,spread_far
FXN,FRDA_FXN,Friedreich ataxia,9-69037286-69037304-GAA,GAA,3,6,intron,noncoding,Intron 1,['AR'],Definitive,33.0,34.0,55.0,56,1700,4518,8.378416048141764,HPRC256+T2T+TenK10K,9.333333333333334,50,5.967715104227776,False,spread,far,spread_far
MARCHF6,FAME3_MARCHF6,Familial adult myoclonic epilepsy type 3,5-10356346-10356411-ATTTT,ATTTT,5,13,intron,noncoding,Intron 1,['AD'],Definitive,,,,650,1035,4518,16.35198291007514,HPRC256+T2T+TenK10K,50.0,637,38.95552016554015,False,spread,far,spread_far
RFC1,CANVAS_RFC1,"Cerebellar ataxia, neuropathy, and vestibular areflexia syndrome",4-39348424-39348479-AAAAG,AAAAG,5,11,intron,noncoding,Intron 2,['AR'],Definitive,11.0,11.0,200.0,400,2750,4516,24.506104470125873,HPRC256+T2T+TenK10K,36.36363636363637,389,15.873595922771399,False,spread,far,spread_far
SAMD12,FAME1_SAMD12,Familial adult myoclonic epilepsy type 1,8-118366812-118366918-AAAAT,AAAAT,5,21,intron,noncoding,Intron 4/4,['AD'],Definitive,,,,105,3680,4518,34.09475095218507,HPRC256+T2T+TenK10K,5.0,84,2.4637223518013873,False,spread,far,spread_far
STARD7,FAME2_STARD7,Familial adult myoclonic epilepsy 2,2-96197066-96197121-AAAAT,AAAAT,5,11,intron,noncoding,Intron 1,['AD'],Strong,,,,274,558,9526,15.461496695800372,HPRC256+Illumina174k+T2T+TenK10K,24.90909090909091,263,17.00999619729154,False,spread,far,spread_far
XYLT1,DBQD2_XYLT1,Baratela-Scott Syndrome/Desbuquois dysplasia 2,16-17470907-17470922-GCC,GCC,3,5,5' UTR,noncoding,"5' promoter region. Note, it can also be annotated coding or intronic depending on the reference, due to missing sequences in some reference genomes.",['AR'],Moderate,20.0,,,72,110,4362,20.006856520967084,HPRC256+TenK10K,14.4,67,3.348851926327574,False,spread,far,spread_far
YEATS2,FAME4_YEATS2,Familial adult myoclonic epilepsy 4,3-183712187-183712222-TTTTA,TTTTA,5,7,intron,noncoding,Intron 1,['AD'],Limited,,,,1000,1000,9526,11.438636493780063,HPRC256+Illumina174k+T2T+TenK10K,142.85714285714286,993,86.81104610151387,False,spread,far,spread_far
AR,SBMA_AR,"Spinal and bulbar muscular atrophy, Kennedy Disease",X-67545316-67545385-GCA,GCA,3,23,CDS,coding,Coding Exon 1,['XR'],Definitive,34.0,36.0,37.0,38,68,4240,3.0344190763352956,HPRC256+T2T+TenK10K,1.6521739130434783,15,4.9432855589992135,False,tight,close,tight_close
ARX,PRTS_ARX,Partington syndrome,X-25013529-25013565-NGC,NGC,3,12,CDS,coding,"Coding Exon 2, aa 144-155",['XR'],Definitive,12.0,,,20,20,393,0.0,HPRC256,1.6666666666666667,8,,False,tight,close,tight_close
ARX,EIEE1_ARX,Early-infantile epileptic encephalopathy,X-25013649-25013697-NGC,NGC,3,16,CDS,coding,"Coding Exon 2, aa 110-115",['XR'],Definitive,16.0,,,17,27,393,0.0,HPRC256,1.0625,1,,False,tight,close,tight_close
ATN1,DRPLA_ATN1,Dentatorubral-Pallidoluysian Atrophy,12-6936716-6936773-CAG,CAG,3,19,CDS,coding,Coding Exon 5,['AD'],Definitive,35.0,36.0,47.0,48,93,4518,3.1207418399149573,HPRC256+T2T+TenK10K,2.526315789473684,29,9.292662285961557,False,tight,close,tight_close
ATXN1,SCA1_ATXN1,Spinocerebellar ataxia type 1,6-16327633-16327723-TGC,TGC,3,30,CDS,coding,Coding Exon 8,['AD'],Definitive,35.0,36.0,38.0,39,91,4518,1.72956523088047,HPRC256+T2T+TenK10K,1.3,9,5.203619868918369,False,tight,close,tight_close
ATXN2,SCA2_ATXN2,Spinocerebellar ataxia type 2,12-111598949-111599018-GCT,GCT,3,23,CDS,coding,Coding Exon 1,"['AD', 'AR']",Definitive,28.0,29.0,34.0,35,500,4518,1.3498874024027991,HPRC256+T2T+TenK10K,1.5217391304347827,12,8.889630334085647,False,tight,close,tight_close
CACNA1A,SCA6_CACNA1A,Spinocerebellar ataxia type 6,19-13207858-13207897-CTG,CTG,3,13,CDS,coding,"Coding, Last Exon: 47 or 48",['AD'],Definitive,18.0,19.0,20.0,21,33,4518,1.881865062777819,HPRC256+T2T+TenK10K,1.6153846153846154,8,4.251101823523525,False,tight,close,tight_close
COMP,EDM1-PSACH_COMP,"Multiple epiphyseal dysplasia, Pseudoachondroplasia",19-18786034-18786049-GTC,GTC,3,5,CDS,coding,Coding Exon 13,['AD'],Definitive,5.0,,,6,7,512,0.0,HPRC256,1.2,1,,False,tight,close,tight_close
FOXL2,BPES_FOXL2,"Blepharophimosis, epicanthus inversus, and ptosis",3-138946020-138946062-NGC,NGC,3,14,CDS,coding,Coding Exon 1,"['AD', 'AR']",Definitive,14.0,,,15,24,512,0.0,HPRC256,1.0714285714285714,1,,False,tight,close,tight_close
HOXA13,HFG_HOXA13-II,Hand-foot-genital syndrome 2,7-27199825-27199861-NGC,NGC,3,12,CDS,coding,Coding Exon 1,['AD'],Limited,12.0,,,18,18,512,0.0,HPRC256,1.5,6,,False,tight,close,tight_close
HOXA13,HFG_HOXA13-I,Hand-foot-genital syndrome 1,7-27199924-27199966-NGC,NGC,3,14,CDS,coding,Coding Exon 1,['AD'],Limited,14.0,,,22,22,512,0.0,HPRC256,1.5714285714285714,8,,False,tight,close,tight_close
HOXA13,HFG_HOXA13-III,Hand-foot-genital syndrome 3,7-27199678-27199732-NGC,NGC,3,18,CDS,coding,Coding Exon 1,['AD'],Limited,18.0,,,22,32,512,0.044150994357255134,HPRC256,1.2222222222222223,4,90.59818602574005,False,tight,close,tight_close
HOXD13,SD5_HOXD13,Syndactyly,2-176093058-176093103-GCG,GCG,3,15,CDS,coding,Coding Exon 1,['AD'],Definitive,15.0,,,22,23,4362,0.29274901925284796,HPRC256+TenK10K,1.4666666666666666,7,23.911267125216515,False,tight,close,tight_close
HTT,HD_HTT,Huntington disease,4-3074876-3074933-CAG,CAG,3,19,CDS,coding,Coding Exon 1,['AD'],Definitive,26.0,27.0,35.0,36,250,4518,3.3081089196033933,HPRC256+T2T+TenK10K,1.894736842105263,17,5.13888762829433,False,tight,close,tight_close
JPH3,HDL2_JPH3,Huntington disease-like 2,16-87604287-87604329-CTG,CTG,3,14,exon,ambiguous,Coding Exon 2,['AD'],Definitive,28.0,29.0,39.0,40,60,4518,1.520846607840724,HPRC256+T2T+TenK10K,2.857142857142857,26,17.09574119175268,False,tight,close,tight_close
NIPA1,ALS1_NIPA1,Amyotrophic lateral sclerosis,15-22786677-22786701-GCG,GCG,3,8,CDS,coding,Coding Exon 1/Intron 1 depending on transcript,['AD'],Disputed,10.0,,,11,56,4518,0.5207977583572561,HPRC256+T2T+TenK10K,1.375,3,5.760393457650147,False,tight,close,tight_close
PABPN1,OPMD_PABPN1,Oculopharyngeal muscular dystrophy,14-23321472-23321490-GCG,GCG,3,6,CDS,coding,Coding Exon 1,"['AD', 'AR']",Definitive,10.0,11.0,11.0,12,18,4518,0.13705098213872488,HPRC256+T2T+TenK10K,2.0,6,43.779328731309036,False,tight,close,tight_close
PHOX2B,CCHS_PHOX2B,Congenital central hypoventilation syndrome,4-41745972-41746032-GCN,GCN,3,20,CDS,coding,Coding Exon 3,['AD'],Definitive,20.0,21.0,25.0,26,33,512,0.15229366163764005,HPRC256,1.3,6,39.39756872006992,False,tight,close,tight_close
PRDM12,HSAN-VIII_PRDM12,Hereditary sensory and autonomic neuropathy type VIII,9-130681606-130681639-GCC,GCC,3,11,CDS,coding,Coding Exon 5,['AR'],Moderate,14.0,,,18,19,4518,1.3612151495650178,HPRC256+T2T+TenK10K,1.6363636363636365,7,5.142464071338671,False,tight,close,tight_close
PRNP,CJD_PRNP,Creutzfeldt-Jakob disease and Gerstmann-Straussler-Scheinker syndrome,20-4699397-4699493-CCTCATGGTGGTGGCTGGGGGCAG,CCTCATGGTGGTGGCTGGGGGCAG,24,4,CDS,coding,Coding Exon 2,['AD'],Moderate,4.0,,,5,16,4362,0.13447869901202095,HPRC256+TenK10K,1.25,1,7.4361219088728,False,tight,close,tight_close
RUNX2,CCD_RUNX2,Cleidocranial dysplasia,6-45422750-45422792-GCN,GCN,3,14,CDS,coding,Coding Exon 3,['AD'],Definitive,17.0,,,20,27,668,0.1928347605978386,HPRC256+T2T,1.4285714285714286,6,31.11472216626514,False,tight,close,tight_close
SOX3,XLID_SOX3,X-linked intellectual developmental disorder with isolated growth hormone deficiency; X-linked panhypopituitarism (PHPX),X-140504316-140504361-NGC,NGC,3,15,CDS,coding,Coding Exon 1,['XR'],Limited,15.0,,,22,26,393,0.0,HPRC256,1.4666666666666666,7,,False,tight,close,tight_close
TBP,SCA17_TBP,Spinocerebellar ataxia type 17,6-170561906-170562017-GCA,GCA,3,37,CDS,coding,Coding Exon 3,['AD'],Definitive,40.0,41.0,48.0,49,66,4362,1.8813675392449052,HPRC256+TenK10K,1.3243243243243243,12,6.3783390271611955,False,tight,close,tight_close
TBX1,TOF_TBX1,Tetralogy of Fallot,22-19766762-19766807-GCN,GCN,3,15,CDS,coding,Coding Exon 9,['AD'],Limited,15.0,,,25,25,512,0.08830198871451027,HPRC256,1.6666666666666667,10,113.24773253217506,False,tight,close,tight_close
THAP11,SCA51_THAP11,Spinocerebellar ataxia 51,16-67842863-67842950-CAG,CAG,3,29,CDS,coding,Coding Exon 1,['AD'],Definitive,38.0,,,45,100,9526,1.2606694250840562,HPRC256+Illumina174k+T2T+TenK10K,1.5517241379310345,16,12.691669744376632,False,tight,close,tight_close
ZFHX3,SCA4_ZFHX3,Spinocerebellar ataxia 4,16-72787694-72787757-GCC,GCC,3,21,CDS,coding,"Coding, Last Exon (exon number is transcript dependent)",['AD'],Definitive,26.0,27.0,45.0,46,74,4518,0.8524311392145508,HPRC256+T2T+TenK10K,2.1904761904761907,25,29.32788215953204,False,tight,close,tight_close
ZIC2,HPE5_ZIC2,Holoprosencephaly-5,13-99985448-99985493-GCN,GCN,3,15,CDS,coding,Coding Exon 3,['AD'],Definitive,15.0,,,25,25,512,0.0,HPRC256,1.6666666666666667,10,,False,tight,close,tight_close
ZIC3,VACTERLX_ZIC3,X-linked VACTERL syndrome,X-137566826-137566856-GCC,GCC,3,10,CDS,coding,Coding Exon 1,['XR'],Limited,10.0,11.0,11.0,12,12,393,0.36001267566194367,HPRC256,1.2,2,5.5553599503758155,False,tight,close,tight_close
ABCD3,OPDM5_ABCD3,Oculopharyngodistal myopathy type 5,1-94418421-94418442-GCC,GCC,3,7,5' UTR,noncoding,5' UTR,['AD'],Moderate,44.0,,,118,694,9526,1.064101806151334,HPRC256+Illumina174k+T2T+TenK10K,16.857142857142858,111,104.31332731354638,False,tight,far,tight_far
AFF2,FRAXE_AFF2,"Intellectual developmental disorder, Fragile X intellectual disability",X-148500631-148500691-GCC,GCC,3,20,5' UTR,noncoding,5' UTR,['XR'],Definitive,39.0,40.0,200.0,201,2000,4238,4.064810787362052,HPRC256+T2T+TenK10K,10.05,181,44.528517923330924,False,tight,far,tight_far
ATXN3,SCA3_ATXN3,Spinocerebellar ataxia type 3/Machado-Joseph disease,14-92071010-92071040-CTG,CTG,3,10,CDS,coding,Coding Exon 10,['AD'],Definitive,44.0,45.0,59.0,60,87,4518,4.930434458835733,HPRC256+T2T+TenK10K,6.0,50,10.141094140374587,False,tight,far,tight_far
ATXN7,SCA7_ATXN7,Spinocerebellar ataxia type 7,3-63912684-63912714-GCA,GCA,3,10,CDS,coding,"Coding Exon 1, 2, or 3 (depending on isoform)",['AD'],Definitive,27.0,28.0,35.0,37,460,4518,1.018914332760497,HPRC256+T2T+TenK10K,3.7,27,26.49879301123399,False,tight,far,tight_far
C9orf72,FTDALS1_C9orf72,Frontotemporal dementia (FTD) and/or amyotrophic lateral sclerosis (ALS),9-27573528-27573546-GGCCCC,GGCCCC,6,3,intron,noncoding,Intron 1 or 5' UTR depending on transcript,['AD'],Definitive,23.0,24.0,30.0,31,4088,4518,3.603468542968529,HPRC256+T2T+TenK10K,10.333333333333334,28,7.770291225279759,False,tight,far,tight_far
CNBP,DM2_CNBP,Myotonic dystrophy type 2,3-129172576-129172656-CAGG,CAGG,4,20,5' UTR,noncoding,Intron 1,['AD'],Definitive,26.0,27.0,74.0,75,11000,668,1.950977275692198,HPRC256+T2T,3.75,55,28.19099980571852,False,tight,far,tight_far
CSTB,EPM1_CSTB,"Progressive Myoclonic Epilepsy Type 1 (EPM1), a.k.a. Unverricht-Lundborg Disease (ULD)",21-43776443-43776479-CGCGGGGCGGGG,CGCGGGGCGGGG,12,3,5' UTR,noncoding,5' UTR,['AR'],Definitive,3.0,,,30,125,4518,1.4888519933258921,HPRC256+T2T+TenK10K,10.0,27,18.134777748918943,False,tight,far,tight_far
EIF4A3,RCPS_EIF4A3,Richieri-Costa-Pereira syndrome,17-80147059-80147139-CCTCGCTGTGCCGCTGCCGA,CCTCGCTGTGCCGCTGCCGA,20,4,5' UTR,noncoding,5' UTR,['AR'],Definitive,12.0,13.0,13.0,14,16,4518,1.2466145374195583,HPRC256+T2T+TenK10K,3.5,10,8.02172580202666,False,tight,far,tight_far
GIPC1,OPDM2_GIPC1,Oculopharyngodistal myopathy type 2,19-14496041-14496074-CCG,CCG,3,11,5' UTR,noncoding,5' UTR,['AD'],Definitive,32.0,,,73,164,4518,1.97374137335473,HPRC256+T2T+TenK10K,6.636363636363637,62,31.412423551024723,False,tight,far,tight_far
GLS,GDPAG_GLS,Glutaminase deficiency,2-190880872-190880920-GCA,GCA,3,16,5' UTR,noncoding,5' UTR,['AR'],Definitive,38.0,,,680,1500,4518,4.102300935875517,HPRC256+T2T+TenK10K,42.5,664,161.86038283861018,False,tight,far,tight_far
LRP12,OPDM1_LRP12,Oculopharyngodistal myopathy type 1,8-104588970-104588997-CGC,CGC,3,9,5' UTR,noncoding,5' UTR,['AD'],Strong,45.0,,,85,289,4518,2.7322001789393946,HPRC256+T2T+TenK10K,9.444444444444445,76,27.816409861118682,False,tight,far,tight_far
NOP56,SCA36_NOP56,Spinocerebellar ataxia type 36,20-2652733-2652757-GGCCTG,GGCCTG,6,4,exon,ambiguous,Intron 1,['AD'],Definitive,14.0,15.0,649.0,650,2500,4518,1.7763735892867343,HPRC256+T2T+TenK10K,162.5,646,363.6622408124114,False,tight,far,tight_far
NOTCH2NLC,NIID_NOTCH2NLC,"Neuronal intranuclear inclusion disease, Alzheimer disease and parkinsonism phenotype, Oculopharyngodistal myopathy (OPDM) type 3, hereditary essential tremor type 6",1-149390802-149390841-GGC,GGC,3,13,CDS,coding,5' UTR,['AD'],Definitive,37.0,38.0,65.0,66,517,4516,4.40128327309761,HPRC256+T2T+TenK10K,5.076923076923077,53,12.041942477085499,False,tight,far,tight_far
NUTM2B-AS1,OPML1_NUTM2B-AS1,Oculopharyngeal myopathy with leukoencephalopathy 1,10-79826383-79826404-GGC,GGC,3,7,exon,ambiguous,Exon 1 of lncRNA (noncoding),['AD'],Moderate,16.0,,,161,700,9510,2.102123938399086,HPRC256+Illumina174k+T2T+TenK10K,23.0,154,73.25923899486237,False,tight,far,tight_far
PPP2R2B,SCA12_PPP2R2B,Spinocerebellar ataxia type 12,5-146878727-146878757-GCT,GCT,3,10,5' UTR,noncoding,5' UTR,['AD'],Moderate,32.0,40.0,49.0,51,78,4518,2.3387507813537476,HPRC256+T2T+TenK10K,5.1,41,17.530726371908607,False,tight,far,tight_far
RAPGEF2,FAME7_RAPGEF2,Familial adult myoclonic epilepsy type 7,4-159342526-159342616-TTTTA,TTTTA,5,18,intron,noncoding,Intron 14,['AD'],Limited,,,,60,2200,9526,2.2016979735788955,HPRC256+Illumina174k+T2T+TenK10K,3.3333333333333335,42,19.076185972832743,False,tight,far,tight_far
RILPL1,OPDM4_RILPL1,Oculopharyngodistal myopathy type 4,12-123533720-123533750-GGC,GGC,3,10,5' UTR,noncoding,5' UTR,['AD'],Moderate,16.0,,,120,197,9526,0.4695734634477236,HPRC256+Illumina174k+T2T+TenK10K,12.0,110,234.25514549385522,False,tight,far,tight_far
TNRC6A,FAME6_TNRC6A,Familial adult myoclonic epilepsy type 6,16-24613439-24613529-TTTTA,TTTTA,5,18,intron,noncoding,Intron 1/23,['AD'],Limited,,,,1100,1100,4518,1.7552108310009569,HPRC256+T2T+TenK10K,61.111111111111114,1082,616.4501613649228,False,tight,far,tight_far
